Wind farm,Coordinates,.mw-parser-output .tooltip-dotted{border-bottom:1px dotted;cursor:help}Model,Power perturbine(MW),No.,Cap. (MW),Online,Model,Power per turbine (MW),Coordinates1,Coordinates2,coordinates1Northing,coordinates1Westing,lat,long
Red Tile,"52.45056° N, 0.00750° W'",REpower MM82,2.0,12,24.0,2007,,,".mw-parser-output .geo-default,.mw-parser-output .geo-dms,.mw-parser-output .geo-dec{display:inline}.mw-parser-output .geo-nondefault,.mw-parser-output .geo-multi-punct{display:none}.mw-parser-output .longitude,.mw-parser-output .latitude{white-space:nowrap}52°27′02″N 00°00′27″W﻿ ", ﻿52.45056°N 0.00750°W,52°27′02″,00°00′27″W﻿ ,52.45055555555556,-0.0075
Frodsham,"53°17′46″ N, 02°45′28″ W'﻿ / ﻿53.29611° N, 2.75778° W'",,2.65,19,50.35,2017,,,53°17′46″N 02°45′28″W﻿ , ﻿53.29611°N 2.75778°W,53°17′46″,02°45′28″W﻿ ,53.29611111111111,-2.7577777777777777
Bears Down,"50°28′23″ N, 04°57′11″ W'﻿ / ﻿50.47306° N, 4.95306° W'",Bonus B600,0.6,16,9.6,2001,,,50°28′23″N 04°57′11″W﻿ , ﻿50.47306°N 4.95306°W,50°28′23″,04°57′11″W﻿ ,50.473055555555554,-4.953055555555555
Cold Northcott,"50°38′14″ N, 04°31′07″ W'﻿ / ﻿50.63722° N, 4.51861° W'",WEG MS3-300,0.3,22,6.8,1993,,,50°38′14″N 04°31′07″W﻿ , ﻿50.63722°N 4.51861°W,50°38′14″,04°31′07″W﻿ ,50.63722222222222,-4.518611111111111
Four Burrows,"50°17′30″ N, 05°08′44″ W'﻿ / ﻿50.29167° N, 5.14556° W'",Bonus B300,0.3,15,4.5,1998,,,50°17′30″N 05°08′44″W﻿ , ﻿50.29167°N 5.14556°W,50°17′30″,05°08′44″W﻿ ,50.29166666666666,-5.145555555555556
West Durham,"54°46′05″ N, 01°49′18″ W'﻿ / ﻿54.76806° N, 1.82167° W'",REpower MM82,2.0,12,24.0,2009,,,54°46′05″N 01°49′18″W﻿ , ﻿54.76806°N 1.82167°W,54°46′05″,01°49′18″W﻿ ,54.76805555555556,-1.8216666666666663
Kirkby Moor,"54°14′46″ N, 03°09′08″ W'﻿ / ﻿54.24611° N, 3.15222° W'",Vestas WD34,0.4,12,4.8,1993,,,54°14′46″N 03°09′08″W﻿ , ﻿54.24611°N 3.15222°W,54°14′46″,03°09′08″W﻿ ,54.24611111111111,-3.152222222222222
Goole Fields 1,"53°40′58″ N, 00°47′41″ W'﻿ / ﻿53.68278° N, 0.79472° W'",Senvion MM92,2.05,16,32.8,2014,,,53°40′58″N 00°47′41″W﻿ , ﻿53.68278°N 0.79472°W,53°40′58″,00°47′41″W﻿ ,53.68277777777777,-0.7947222222222222
Goole Fields 2,"53°40′58″ N, 00°47′41″ W'﻿ / ﻿53.68278° N, 0.79472° W'",Senvion MM92,2.05,17,34.85,2017,,,53°40′58″N 00°47′41″W﻿ , ﻿53.68278°N 0.79472°W,53°40′58″,00°47′41″W﻿ ,53.68277777777777,-0.7947222222222222
Hall Farm,"53°52′1.8″ N, 00°22′15.8″ W'﻿ / ﻿53.867167° N, 0.371056° W'",REpower MM82,2.05,12,24.6,2013,,,53°52′1.8″N 00°22′15.8″W﻿ , ﻿53.867167°N 0.371056°W,53°52′1.8″,00°22′15.8″W﻿ ,53.86716666666667,-0.3710555555555555
Lissett Airfield,"54°00′35″ N, 00°15′15″ W'﻿ / ﻿54.00972° N, 0.25417° W'",Nordex N90,2.5,12,30.0,2009,,,54°00′35″N 00°15′15″W﻿ , ﻿54.00972°N 0.25417°W,54°00′35″,00°15′15″W﻿ ,54.00972222222222,-0.2541666666666666
Little Cheyne Court,"50°57′45″ N, 00°49′13″E﻿ / ﻿50.96250° N, 0.82028°E",Nordex N90,2.3,26,59.8,2009,,,50°57′45″N 00°49′13″E﻿ , ﻿50.96250°N 0.82028°E,50°57′45″,00°49′13″E﻿ ,50.962500000000006,0.8202777777777778
Coal Clough,"53°44′55″ N, 02°10′03″ W'﻿ / ﻿53.74861° N, 2.16750° W'",Vestas WD34,0.4,24,9.6,1992,,,53°44′55″N 02°10′03″W﻿ , ﻿53.74861°N 2.16750°W,53°44′55″,02°10′03″W﻿ ,53.74861111111111,-2.1675
Scout Moor,"53°40′01″ N, 02°16′26″ W'﻿ / ﻿53.66694° N, 2.27389° W'",Nordex N80,2.5,26,65.0,2008,,,53°40′01″N 02°16′26″W﻿ , ﻿53.66694°N 2.27389°W,53°40′01″,02°16′26″W﻿ ,53.66694444444444,-2.2738888888888886
Hyndburn,"53°42′52″ N, 02°23′10″ W'﻿ / ﻿53.71444° N, 2.38611° W'",REpower MM82,2.05,12,24.6,2012,,,53°42′52″N 02°23′10″W﻿ , ﻿53.71444°N 2.38611°W,53°42′52″,02°23′10″W﻿ ,53.714444444444446,-2.386111111111111
Bicker Fen,"52°55′34″ N, 00°12′59″ W'﻿ / ﻿52.92611° N, 0.21639° W'",REpower MM82,2.0,13,26.0,2008,,,52°55′34″N 00°12′59″W﻿ , ﻿52.92611°N 0.21639°W,52°55′34″,00°12′59″W﻿ ,52.92611111111111,-0.2163888888888889
Conisholme Fen Resubmission,"53°25′32″ N, 00°04′48″ W'﻿ / ﻿53.42556° N, 0.08000° W'",Enercon E48,0.8,20,16.0,2008,,,53°25′32″N 00°04′48″W﻿ , ﻿53.42556°N 0.08000°W,53°25′32″,00°04′48″W﻿ ,53.42555555555556,-0.08
Rusholme,"53°43′32″ N, 00°55′15″ W'﻿ / ﻿53.72556° N, 0.92083° W'",REpower MM82,2.0,12,24.0,2010,,,53°43′32″N 00°55′15″W﻿ , ﻿53.72556°N 0.92083°W,53°43′32″,00°55′15″W﻿ ,53.72555555555556,-0.9208333333333332
Green Rigg,"55°05′56″ N, 02°11′55″ W'﻿ / ﻿55.09889° N, 2.19861° W'",Vestas V80,2.0,18,36.0,2012,,,55°05′56″N 02°11′55″W﻿ , ﻿55.09889°N 2.19861°W,55°05′56″,02°11′55″W﻿ ,55.098888888888894,-2.198611111111111
Royd Moor,"53°31′55″ N, 01°40′10″ W'﻿ / ﻿53.53194° N, 1.66944° W'",Bonus M1500-500,0.5,13,6.5,1993,,,53°31′55″N 01°40′10″W﻿ , ﻿53.53194°N 1.66944°W,53°31′55″,01°40′10″W﻿ ,53.53194444444444,-1.6694444444444445
Llyn Alaw,"53°21′48″ N, 04°26′59″ W'﻿ / ﻿53.36333° N, 4.44972° W'",,,34,20.4,1997,Bonus B600,0.6,53°21′48″N 04°26′59″W﻿ , ﻿53.36333°N 4.44972°W,53°21′48″,04°26′59″W﻿ ,53.36333333333334,-4.449722222222222
Alltwalis (formerly Blaengwen),"51°58′42″ N, 04°15′03″ W'﻿ / ﻿51.97833° N, 4.25083° W'",,,10,23.0,2009,Siemens SWT-2.3,2.3,51°58′42″N 04°15′03″W﻿ , ﻿51.97833°N 4.25083°W,51°58′42″,04°15′03″W﻿ ,51.97833333333333,-4.2508333333333335
Blaen Bowi,"51°59′17″ N, 04°26′43″ W'﻿ / ﻿51.98806° N, 4.44528° W'",,,3,3.9,2002,Nordex N60,1.3,51°59′17″N 04°26′43″W﻿ , ﻿51.98806°N 4.44528°W,51°59′17″,04°26′43″W﻿ ,51.98805555555556,-4.445277777777778
Parc Cynog,"51°45′33″ N, 04°32′40″ W'﻿ / ﻿51.75917° N, 4.54444° W'",,,5,3.6,2001,NEG Micon,0.72,51°45′33″N 04°32′40″W﻿ , ﻿51.75917°N 4.54444°W,51°45′33″,04°32′40″W﻿ ,51.759166666666665,-4.544444444444444
Pendine (Parc Cynog Extension I),"51°45′33″ N, 04°32′40″ W'﻿ / ﻿51.75917° N, 4.54444° W'",,,6,4.8,2009,Enercon E48,0.8,51°45′33″N 04°32′40″W﻿ , ﻿51.75917°N 4.54444°W,51°45′33″,04°32′40″W﻿ ,51.759166666666665,-4.544444444444444
Cefn Croes,"52°24′18″ N, 03°45′03″ W'﻿ / ﻿52.40500° N, 3.75083° W'",,,39,58.5,2005,GE 1.5se,1.5,52°24′18″N 03°45′03″W﻿ , ﻿52.40500°N 3.75083°W,52°24′18″,03°45′03″W﻿ ,52.405,-3.7508333333333335
Dyffryn Brodyn,"51°52′09″ N, 04°33′25″ W'﻿ / ﻿51.86917° N, 4.55694° W'",,,11,5.5,1994,Nordtank NTK500,0.5,51°52′09″N 04°33′25″W﻿ , ﻿51.86917°N 4.55694°W,51°52′09″,04°33′25″W﻿ ,51.869166666666665,-4.5569444444444445
Llangwyryfon,"52°18′26″ N, 04°01′43″ W'﻿ / ﻿52.30722° N, 4.02861° W'",,,11,9.35,2004,Vestas V52,0.85,52°18′26″N 04°01′43″W﻿ , ﻿52.30722°N 4.02861°W,52°18′26″,04°01′43″W﻿ ,52.30722222222222,-4.028611111111111
Mynydd Gorddu,"52°27′18″ N, 03°58′20″ W'﻿ / ﻿52.45500° N, 3.97222° W'",,,19,10.2,1998,NEG Micon M1500-500,0.5,52°27′18″N 03°58′20″W﻿ , ﻿52.45500°N 3.97222°W,52°27′18″,03°58′20″W﻿ ,52.455000000000005,-3.9722222222222223
Rheidol,"52°24′12″ N, 03°52′56″ W'﻿ / ﻿52.40333° N, 3.88222° W'",,,8,2.4,1997,Bonus B300,0.3,52°24′12″N 03°52′56″W﻿ , ﻿52.40333°N 3.88222°W,52°24′12″,03°52′56″W﻿ ,52.40333333333333,-3.882222222222224
Rhyd-y-Groes,"53°24′46″ N, 04°25′54″ W'﻿ / ﻿53.41278° N, 4.43167° W'",,,24,7.2,1992,Bonus B300,0.3,53°24′46″N 04°25′54″W﻿ , ﻿53.41278°N 4.43167°W,53°24′46″,04°25′54″W﻿ ,53.41277777777778,-4.431666666666667
Moel Maelogen,"53°08′08″ N, 03°43′24″ W'﻿ / ﻿53.13556° N, 3.72333° W'",,,3,2.6,2002,Bonus B1300,1.3,53°08′08″N 03°43′24″W﻿ , ﻿53.13556°N 3.72333°W,53°08′08″,03°43′24″W﻿ ,53.13555555555556,-3.7233333333333336
Moel Maelogen Extension,"53°08′08″ N, 03°43′24″ W'﻿ / ﻿53.13556° N, 3.72333° W'",,,9,11.7,2008,Siemens SWT-1.3,1.3,53°08′08″N 03°43′24″W﻿ , ﻿53.13556°N 3.72333°W,53°08′08″,03°43′24″W﻿ ,53.13555555555556,-3.7233333333333336
Tir Mostyn & Foel Goch,"53°06′52″ N, 03°29′17″ W'﻿ / ﻿53.11444° N, 3.48806° W'",,,25,21.25,2005,Gamesa G52,0.85,53°06′52″N 03°29′17″W﻿ , ﻿53.11444°N 3.48806°W,53°06′52″,03°29′17″W﻿ ,53.114444444444445,-3.4880555555555555
Wern Ddu (Craig Lelo),"53°00′28″ N, 03°22′48″ W'﻿ / ﻿53.00778° N, 3.38000° W'",,,4,9.2,2010,Enercon E70,2.3,53°00′28″N 03°22′48″W﻿ , ﻿53.00778°N 3.38000°W,53°00′28″,03°22′48″W﻿ ,53.007777777777775,-3.38
Braich Ddu Farm,"52°57′42″ N, 03°28′04″ W'﻿ / ﻿52.96167° N, 3.46778° W'",,,3,3.9,2008,Nordex N60,1.3,52°57′42″N 03°28′04″W﻿ , ﻿52.96167°N 3.46778°W,52°57′42″,03°28′04″W﻿ ,52.961666666666666,-3.467777777777778
Hafoty Ucha 2 Extension,"52°54′01″ N, 03°35′18″ W'﻿ / ﻿52.90028° N, 3.58833° W'",,,2,1.7,2002,Vestas V52,0.85,52°54′01″N 03°35′18″W﻿ , ﻿52.90028°N 3.58833°W,52°54′01″,03°35′18″W﻿ ,52.900277777777774,-3.5883333333333334
Trysglwyn,"53°22′28″ N, 04°20′43″ W'﻿ / ﻿53.37444° N, 4.34528° W'",,,14,5.6,1996,Bonus,0.4,53°22′28″N 04°20′43″W﻿ , ﻿53.37444°N 4.34528°W,53°22′28″,04°20′43″W﻿ ,53.37444444444444,-4.345277777777778
Ffynnon Oer,"51°54′00″ N, 03°10′00″ W'﻿ / ﻿51.90000° N, 3.16667° W'",,,16,32.0,2006,REpower MM70,2.0,51°54′00″N 03°10′00″W﻿ , ﻿51.90000°N 3.16667°W,51°54′00″,03°10′00″W﻿ ,51.9,-3.1666666666666665
Castle Pill Farm Repowering,"52°03′39″ N, 03°39′25″ W'﻿ / ﻿52.06083° N, 3.65694° W'",,,4,3.2,2009,EWT 900,0.9,52°03′39″N 03°39′25″W﻿ , ﻿52.06083°N 3.65694°W,52°03′39″,03°39′25″W﻿ ,52.06083333333333,-3.656944444444445
Solutia UK Ltd,"51°33′53″ N, 02°57′34″ W'﻿ / ﻿51.56472° N, 2.95944° W'",,,2,5.0,2009,Nordex N90,2.5,51°33′53″N 02°57′34″W﻿ , ﻿51.56472°N 2.95944°W,51°33′53″,02°57′34″W﻿ ,51.56472222222222,-2.9594444444444448
Bryn Titli,"52°22′03″ N, 03°33′51″ W'﻿ / ﻿52.36750° N, 3.56417° W'",,,22,9.9,1994,Bonus B450,0.45,52°22′03″N 03°33′51″W﻿ , ﻿52.36750°N 3.56417°W,52°22′03″,03°33′51″W﻿ ,52.3675,-3.5641666666666665
Carno ’A’ & ’B’,"52°33′02″ N, 03°36′01″ W'﻿ / ﻿52.55056° N, 3.60028° W'",,,56,33.6,1996,Bonus B600,0.6,52°33′02″N 03°36′01″W﻿ , ﻿52.55056°N 3.60028°W,52°33′02″,03°36′01″W﻿ ,52.55055555555556,-3.600277777777778
Carno Extension,"52°33′02″ N, 03°36′01″ W'﻿ / ﻿52.55056° N, 3.60028° W'",,,12,15.6,2009,Siemens SWT-1.3,1.3,52°33′02″N 03°36′01″W﻿ , ﻿52.55056°N 3.60028°W,52°33′02″,03°36′01″W﻿ ,52.55055555555556,-3.600277777777778
Cemmaes,"52°38′38″ N, 03°40′45″ W'﻿ / ﻿52.64389° N, 3.67917° W'",,,18,15.3,2002,Vestas V52,0.85,52°38′38″N 03°40′45″W﻿ , ﻿52.64389°N 3.67917°W,52°38′38″,03°40′45″W﻿ ,52.64388888888889,-3.679166666666666
Llandinam P&L,"52°26′11″ N, 03°24′49″ W'﻿ / ﻿52.43639° N, 3.41361° W'",,,103,30.9,1992,Mitsubishi,0.3,52°26′11″N 03°24′49″W﻿ , ﻿52.43639°N 3.41361°W,52°26′11″,03°24′49″W﻿ ,52.436388888888885,-3.413611111111111
Mynydd Clogau,"52°34′49″ N, 03°25′59″ W'﻿ / ﻿52.58028° N, 3.43306° W'",,,17,14.45,2006,Vestas V52,0.85,52°34′49″N 03°25′59″W﻿ , ﻿52.58028°N 3.43306°W,52°34′49″,03°25′59″W﻿ ,52.58027777777778,-3.433055555555556
Taff Ely,"51°33′46″ N, 03°29′09″ W'﻿ / ﻿51.56278° N, 3.48583° W'",,,20,9.0,1993,Nordtank NTK450/500,0.45,51°33′46″N 03°29′09″W﻿ , ﻿51.56278°N 3.48583°W,51°33′46″,03°29′09″W﻿ ,51.562777777777775,-3.4858333333333333
Aikengall,"55°55′36″ N, 02°27′28″ W'﻿ / ﻿55.92667° N, 2.45778° W'",,,16,48.0,2009,Vestas V90,3.0,55°55′36″N 02°27′28″W﻿ , ﻿55.92667°N 2.45778°W,55°55′36″,02°27′28″W﻿ ,55.92666666666666,-2.457777777777778
Dalry,"55°42′38″ N, 04°43′24″ W'﻿ / ﻿55.71056° N, 4.72333° W'",,,6,18.0,2006,Vestas V90,3.0,55°42′38″N 04°43′24″W﻿ , ﻿55.71056°N 4.72333°W,55°42′38″,04°43′24″W﻿ ,55.71055555555556,-4.723333333333334
Millour Hill Extension,"55°44′29″ N, 004°46′56″ W'﻿ / ﻿55.74139° N, 4.78222° W'",,,2,6.4,2016,Siemens Direct Drive,3.2,55°44′29″N 004°46′56″W﻿ , ﻿55.74139°N 4.78222°W,55°44′29″,004°46′56″W﻿ ,55.74138888888889,-4.782222222222222
Millour Hill,"55°44′29″ N, 004°46′56″ W'﻿ / ﻿55.74139° N, 4.78222° W'",,,6,18.0,2012,Siemens Direct Drive,3.0,55°44′29″N 004°46′56″W﻿ , ﻿55.74139°N 4.78222°W,55°44′29″,004°46′56″W﻿ ,55.74138888888889,-4.782222222222222
Calder Water,"55°38′40″ N, 004°12′33″ W'﻿ / ﻿55.64444° N, 4.20917° W'",,,13,39.0,2013,Siemens Direct Drive,3.0,55°38′40″N 004°12′33″W﻿ , ﻿55.64444°N 4.20917°W,55°38′40″,004°12′33″W﻿ ,55.644444444444446,-4.2091666666666665
Aikengall IIa,"55°53′57″ N, 002°27′43″ W'﻿ / ﻿55.89917° N, 2.46194° W'",,,19,81.7,2021,Siemens Gamesa SWT-DD-120,4.3,55°53′57″N 002°27′43″W﻿ , ﻿55.89917°N 2.46194°W,55°53′57″,002°27′43″W﻿ ,55.899166666666666,-2.4619444444444447
Aikengall II,"55°53′57″ N, 002°27′43″ W'﻿ / ﻿55.89917° N, 2.46194° W'",,,19,60.8,2017,Siemens Direct Drive,3.2,55°53′57″N 002°27′43″W﻿ , ﻿55.89917°N 2.46194°W,55°53′57″,002°27′43″W﻿ ,55.899166666666666,-2.4619444444444447
Sanquhar,"55°20′40″ N, 004°02′25″ W'﻿ / ﻿55.34444° N, 4.04028° W'",,,9,31.05,2018,Vestas V112,3.6,55°20′40″N 004°02′25″W﻿ , ﻿55.34444°N 4.04028°W,55°20′40″,004°02′25″W﻿ ,55.34444444444445,-4.040277777777778
Boyndie Airfield,"57°38′47″ N, 02°36′17″ W'﻿ / ﻿57.64639° N, 2.60472° W'",,,7,14.0,2006,Enercon E82,2.0,57°38′47″N 02°36′17″W﻿ , ﻿57.64639°N 2.60472°W,57°38′47″,02°36′17″W﻿ ,57.646388888888886,-2.604722222222222
Cairnmore,"57°18′30″ N, 02°49′30″ W'﻿ / ﻿57.30833° N, 2.82500° W'",,,3,2.55,2010,Vestas V52,0.85,57°18′30″N 02°49′30″W﻿ , ﻿57.30833°N 2.82500°W,57°18′30″,02°49′30″W﻿ ,57.30833333333333,-2.825
Dummuie,"57°24′46″ N, 02°43′42″ W'﻿ / ﻿57.41278° N, 2.72833° W'",,,7,10.4,2007,Vestas V66,1.75,57°24′46″N 02°43′42″W﻿ , ﻿57.41278°N 2.72833°W,57°24′46″,02°43′42″W﻿ ,57.41277777777778,-2.728333333333333
Glens of Foudland,"57°25′28″ N, 02°38′34″ W'﻿ / ﻿57.42444° N, 2.64278° W'",,,20,26.0,2005,Bonus B1300,1.3,57°25′28″N 02°38′34″W﻿ , ﻿57.42444°N 2.64278°W,57°25′28″,02°38′34″W﻿ ,57.42444444444444,-2.642777777777778
Hill of Balquhindachy (Extension),"57°28′23″ N, 02°14′19″ W'﻿ / ﻿57.47306° N, 2.23861° W'",,,2,1.7,2009,Vestas V52,0.85,57°28′23″N 02°14′19″W﻿ , ﻿57.47306°N 2.23861°W,57°28′23″,02°14′19″W﻿ ,57.473055555555554,-2.238611111111111
Hill of Eastertown,"57°22′21″ N, 02°24′7″ W'﻿ / ﻿57.37250° N, 2.40194° W'",,,3,2.55,2007,Vestas V52,0.85,57°22′21″N 02°24′7″W﻿ , ﻿57.37250°N 2.40194°W,57°22′21″,02°24′7″W﻿ ,57.3725,-2.401944444444444
Hill of Fiddes,"57°18′56″ N, 02°06′52″ W'﻿ / ﻿57.31556° N, 2.11444° W'",,,3,6.9,2010,Enercon E70,2.3,57°18′56″N 02°06′52″W﻿ , ﻿57.31556°N 2.11444°W,57°18′56″,02°06′52″W﻿ ,57.31555555555556,-2.114444444444445
Hill of Skelmonae,"57°26′56″ N, 02°11′21″ W'﻿ / ﻿57.44889° N, 2.18917° W'",,,4,3.2,2009,Enercon E48,0.8,57°26′56″N 02°11′21″W﻿ , ﻿57.44889°N 2.18917°W,57°26′56″,02°11′21″W﻿ ,57.44888888888889,-2.1891666666666665
House O Hill,"57°37′02″ N, 02°02′27″ W'﻿ / ﻿57.61722° N, 2.04083° W'",,,3,2.4,2010,Enercon E48,0.8,57°37′02″N 02°02′27″W﻿ , ﻿57.61722°N 2.04083°W,57°37′02″,02°02′27″W﻿ ,57.61722222222223,-2.040833333333333
North Redbog,"57°35′09″ N, 02°00′21″ W'﻿ / ﻿57.58583° N, 2.00583° W'",,,2,1.6,2008,Enercon E48,0.8,57°35′09″N 02°00′21″W﻿ , ﻿57.58583°N 2.00583°W,57°35′09″,02°00′21″W﻿ ,57.58583333333333,-2.0058333333333334
St John's Wells,"57°25′22″ N, 02°20′04″ W'﻿ / ﻿57.42278° N, 2.33444° W'",,,3,2.4,2009,Enercon E48,0.8,57°25′22″N 02°20′04″W﻿ , ﻿57.42278°N 2.33444°W,57°25′22″,02°20′04″W﻿ ,57.422777777777775,-2.3344444444444448
Strath of Brydock,"57°37′45″ N, 02°35′07″ W'﻿ / ﻿57.62917° N, 2.58528° W'",,,2,4.6,2009,Enercon E70,2.3,57°37′45″N 02°35′07″W﻿ , ﻿57.62917°N 2.58528°W,57°37′45″,02°35′07″W﻿ ,57.62916666666667,-2.585277777777778
Tullo,"56°50′07″ N, 02°23′59″ W'﻿ / ﻿56.83528° N, 2.39972° W'",,,7,17.5,2010,Nordex N80,2.5,56°50′07″N 02°23′59″W﻿ , ﻿56.83528°N 2.39972°W,56°50′07″,02°23′59″W﻿ ,56.83527777777778,-2.399722222222222
Twinshiels,"56°50′36″ N, 2°23′54″ W'﻿ / ﻿56.843242° N, 2.398279° W'",,,10,25.0,2014,Nordex N80,2.5,56°50′36″N 2°23′54″W﻿ , ﻿56.843242°N 2.398279°W,56°50′36″,2°23′54″W﻿ ,56.84333333333333,-2.398333333333333
Upper Ardgrain,"57°24′02″ N, 02°04′03″ W'﻿ / ﻿57.40056° N, 2.06750° W'",,,3,2.4,2010,Enercon E48,0.8,57°24′02″N 02°04′03″W﻿ , ﻿57.40056°N 2.06750°W,57°24′02″,02°04′03″W﻿ ,57.40055555555556,-2.0675000000000003
Ardkinglas/ Clachan Flats,"56°17′16″ N, 04°56′55″ W'﻿ / ﻿56.28778° N, 4.94861° W'",,,9,15.03,2009,Ecotecnia 74,1.67,56°17′16″N 04°56′55″W﻿ , ﻿56.28778°N 4.94861°W,56°17′16″,04°56′55″W﻿ ,56.28777777777778,-4.948611111111111
Beinn an Tuirc,"55°33′56″ N, 05°34′12″ W'﻿ / ﻿55.56556° N, 5.57000° W'",,,46,30.0,2001,Vestas V47,0.66,55°33′56″N 05°34′12″W﻿ , ﻿55.56556°N 5.57000°W,55°33′56″,05°34′12″W﻿ ,55.56555555555556,-5.569999999999999
Beinn Ghlas,"56°22′59″ N, 05°16′20″ W'﻿ / ﻿56.38306° N, 5.27222° W'",,,14,8.4,1999,Bonus B600,0.6,56°22′59″N 05°16′20″W﻿ , ﻿56.38306°N 5.27222°W,56°22′59″,05°16′20″W﻿ ,56.38305555555556,-5.272222222222222
Cruach Mhor,"56°02′24″ N, 05°09′22″ W'﻿ / ﻿56.04000° N, 5.15611° W'",,,35,29.75,2004,Vestas V52,0.85,56°02′24″N 05°09′22″W﻿ , ﻿56.04000°N 5.15611°W,56°02′24″,05°09′22″W﻿ ,56.04,-5.156111111111112
Deucheran Hill,"55°37′44″ N, 05°33′35″ W'﻿ / ﻿55.62889° N, 5.55972° W'",,,9,15.75,2001,Vestas V66,1.75,55°37′44″N 05°33′35″W﻿ , ﻿55.62889°N 5.55972°W,55°37′44″,05°33′35″W﻿ ,55.62888888888889,-5.559722222222222
Tangy,"55°29′38″ N, 05°40′45″ W'﻿ / ﻿55.49389° N, 5.67917° W'",,,22,18.65,2002,Vestas V52,0.85,55°29′38″N 05°40′45″W﻿ , ﻿55.49389°N 5.67917°W,55°29′38″,05°40′45″W﻿ ,55.49388888888889,-5.679166666666667
Artfield Fell,"54°57′58″ N, 04°45′59″ W'﻿ / ﻿54.96611° N, 4.76639° W'",,,15,19.5,2005,Siemens SWT-1.3,1.3,54°57′58″N 04°45′59″W﻿ , ﻿54.96611°N 4.76639°W,54°57′58″,04°45′59″W﻿ ,54.96611111111111,-4.766388888888889
Craig Wind Farm,"55°12′46″ N, 03°06′34″ W'﻿ / ﻿55.21278° N, 3.10944° W'",,,4,10.0,2007,Nordex N80,2.5,55°12′46″N 03°06′34″W﻿ , ﻿55.21278°N 3.10944°W,55°12′46″,03°06′34″W﻿ ,55.21277777777778,-3.1094444444444447
"Dalswinton, Pennyland Moor","55°10′13″ N, 03°40′25″ W'﻿ / ﻿55.17028° N, 3.67361° W'",,,15,30.0,2008,REpower MM82,2.0,55°10′13″N 03°40′25″W﻿ , ﻿55.17028°N 3.67361°W,55°10′13″,03°40′25″W﻿ ,55.17027777777778,-3.673611111111111
Minsca,"55°06′46″ N, 03°12′59″ W'﻿ / ﻿55.11278° N, 3.21639° W'",,,16,36.8,2008,Siemens SWT-2.3,2.3,55°06′46″N 03°12′59″W﻿ , ﻿55.11278°N 3.21639°W,55°06′46″,03°12′59″W﻿ ,55.11277777777778,-3.216388888888889
North Rhins,"54°52′55″ N, 05°05′00″ W'﻿ / ﻿54.88194° N, 5.08333° W'",,,11,22.0,2010,Vestas V80,2.0,54°52′55″N 05°05′00″W﻿ , ﻿54.88194°N 5.08333°W,54°52′55″,05°05′00″W﻿ ,54.88194444444444,-5.083333333333333
Wether Hill,"55°13′20″ N, 04°02′30″ W'﻿ / ﻿55.22222° N, 4.04167° W'",,,14,18.2,2007,Siemens SWT-1.3,1.3,55°13′20″N 04°02′30″W﻿ , ﻿55.22222°N 4.04167°W,55°13′20″,04°02′30″W﻿ ,55.22222222222222,-4.041666666666667
Windy Standard,"55°17′31″ N, 04°12′18″ W'﻿ / ﻿55.29194° N, 4.20500° W'",,,36,21.6,1996,Nordtank NTK600,0.6,55°17′31″N 04°12′18″W﻿ , ﻿55.29194°N 4.20500°W,55°17′31″,04°12′18″W﻿ ,55.29194444444444,-4.205
Michelin Tyre Factory,"56°28′59″ N, 02°53′32″ W'﻿ / ﻿56.48306° N, 2.89222° W'",,,2,4.0,2006,Enercon E70,2.0,56°28′59″N 02°53′32″W﻿ , ﻿56.48306°N 2.89222°W,56°28′59″,02°53′32″W﻿ ,56.48305555555556,-2.8922222222222222
Hare Hill,"55°21′06″ N, 04°07′04″ W'﻿ / ﻿55.35167° N, 4.11778° W'",,,20,13.2,2000,Vestas V47,0.66,55°21′06″N 04°07′04″W﻿ , ﻿55.35167°N 4.11778°W,55°21′06″,04°07′04″W﻿ ,55.35166666666667,-4.1177777777777775
Myres Hill,"55°41′30″ N, 04°16′42″ W'﻿ / ﻿55.69167° N, 4.27833° W'",,,2,1.9,2001,NEG Micon NM52,0.95,55°41′30″N 04°16′42″W﻿ , ﻿55.69167°N 4.27833°W,55°41′30″,04°16′42″W﻿ ,55.69166666666666,-4.278333333333333
"Whitelee,[2] Eaglesham Moor","55°41′14″ N, 04°13′43″ W'﻿ / ﻿55.68722° N, 4.22861° W'",,,215,539.0,2009,Siemens SWT-2.3,2.3,55°41′14″N 04°13′43″W﻿ , ﻿55.68722°N 4.22861°W,55°41′14″,04°13′43″W﻿ ,55.68722222222222,-4.228611111111111
"Achairn Farm, Stirkoke","58°26′14″ N, 03°11′31″ W'﻿ / ﻿58.43722° N, 3.19194° W'",,,3,6.15,2009,REpower MM82,2.05,58°26′14″N 03°11′31″W﻿ , ﻿58.43722°N 3.19194°W,58°26′14″,03°11′31″W﻿ ,58.43722222222222,-3.1919444444444443
Achany Estate,"58°00′16″ N, 04°31′54″ W'﻿ / ﻿58.00444° N, 4.53167° W'",,,19,38.0,2010,REpower MM82,2.0,58°00′16″N 04°31′54″W﻿ , ﻿58.00444°N 4.53167°W,58°00′16″,04°31′54″W﻿ ,58.004444444444445,-4.531666666666666
Beinn Tharsuinn,"57°48′06″ N, 04°19′56″ W'﻿ / ﻿57.80167° N, 4.33222° W'",,,17,29.75,2006,Vestas V66,1.75,57°48′06″N 04°19′56″W﻿ , ﻿57.80167°N 4.33222°W,57°48′06″,04°19′56″W﻿ ,57.80166666666666,-4.332222222222222
Beinn Tharsuinn Extension,"57°48′06″ N, 04°19′56″ W'﻿ / ﻿57.80167° N, 4.33222° W'",,,2,4.6,2009,Enercon E70,2.3,57°48′06″N 04°19′56″W﻿ , ﻿57.80167°N 4.33222°W,57°48′06″,04°19′56″W﻿ ,57.80166666666666,-4.332222222222222
Ben Aketil,"57°25′45″ N, 06°27′18″ W'﻿ / ﻿57.42917° N, 6.45500° W'",,,10,23.0,2007,Enercon E70,2.3,57°25′45″N 06°27′18″W﻿ , ﻿57.42917°N 6.45500°W,57°25′45″,06°27′18″W﻿ ,57.42916666666667,-6.455
Ben Aketil Extension,"57°25′38″ N, 06°26′55″ W'﻿ / ﻿57.42722° N, 6.44861° W'",,,2,4.6,2010,Enercon E70,2.3,57°25′38″N 06°26′55″W﻿ , ﻿57.42722°N 6.44861°W,57°25′38″,06°26′55″W﻿ ,57.42722222222222,-6.448611111111111
Bilbster (Watten),"58°28′19″ N, 03°18′48″ W'﻿ / ﻿58.47194° N, 3.31333° W'",,,3,3.9,2008,Nordex N60,1.3,58°28′19″N 03°18′48″W﻿ , ﻿58.47194°N 3.31333°W,58°28′19″,03°18′48″W﻿ ,58.471944444444446,-3.313333333333333
Boulfruich,"58°18′0″ N, 03°26′00″ W'﻿ / ﻿58.30000° N, 3.43333° W'",,,15,13.0,2005,Vestas V52,0.85,58°18′0″N 03°26′00″W﻿ , ﻿58.30000°N 3.43333°W,58°18′0″,03°26′00″W﻿ ,58.3,-3.4333333333333336
Causeymire,"58°25′46″ N, 03°30′31″ W'﻿ / ﻿58.42944° N, 3.50861° W'",,,21,48.3,2004,Bonus B2300,2.3,58°25′46″N 03°30′31″W﻿ , ﻿58.42944°N 3.50861°W,58°25′46″,03°30′31″W﻿ ,58.42944444444444,-3.508611111111111
Edinbane,"57°25′45″ N, 06°25′18″ W'﻿ / ﻿57.42917° N, 6.42167° W'",,,18,41.4,2009,Enercon E70,2.3,57°25′45″N 06°25′18″W﻿ , ﻿57.42917°N 6.42167°W,57°25′45″,06°25′18″W﻿ ,57.42916666666667,-6.421666666666667
Fairburn Estate,"57°31′47″ N, 04°38′47″ W'﻿ / ﻿57.52972° N, 4.64639° W'",,,20,40.0,2010,REpower MM82,2.0,57°31′47″N 04°38′47″W﻿ , ﻿57.52972°N 4.64639°W,57°31′47″,04°38′47″W﻿ ,57.52972222222222,-4.646388888888889
Farr Wind Farm,"57°19′30″ N, 04°05′39″ W'﻿ / ﻿57.32500° N, 4.09417° W'",,,40,92.0,2006,Bonus B2300,2.3,57°19′30″N 04°05′39″W﻿ , ﻿57.32500°N 4.09417°W,57°19′30″,04°05′39″W﻿ ,57.325,-4.094166666666666
Forss Extension,"58°36′28″ N, 03°40′11″ W'﻿ / ﻿58.60778° N, 3.66972° W'",,,4,5.2,2007,Siemens SWT-1.3,1.3,58°36′28″N 03°40′11″W﻿ , ﻿58.60778°N 3.66972°W,58°36′28″,03°40′11″W﻿ ,58.60777777777778,-3.669722222222222
"Forss, Hill of Lybster","58°36′28″ N, 03°40′03″ W'﻿ / ﻿58.60778° N, 3.66750° W'",,,2,2.0,2003,Bonus,1.0,58°36′28″N 03°40′03″W﻿ , ﻿58.60778°N 3.66750°W,58°36′28″,03°40′03″W﻿ ,58.60777777777778,-3.6675
Gordonbush,"58°06′31″ N, 03°55′45″ W'﻿ / ﻿58.10861° N, 3.92917° W'",,,35,71.75,2012,REpower MM82,2.05,58°06′31″N 03°55′45″W﻿ , ﻿58.10861°N 3.92917°W,58°06′31″,03°55′45″W﻿ ,58.10861111111111,-3.929166666666666
Gigha Community,"55°40′05″ N, 05°45′16″ W'﻿ / ﻿55.66806° N, 5.75444° W'",,,3,0.68,2004,Vestas V27,0.225,55°40′05″N 05°45′16″W﻿ , ﻿55.66806°N 5.75444°W,55°40′05″,05°45′16″W﻿ ,55.668055555555554,-5.754444444444444
Kilbraur (Strathbrora),"58°02′52″ N, 04°07′40″ W'﻿ / ﻿58.04778° N, 4.12778° W'",,,19,47.5,2008,Nordex N90,2.5,58°02′52″N 04°07′40″W﻿ , ﻿58.04778°N 4.12778°W,58°02′52″,04°07′40″W﻿ ,58.047777777777775,-4.127777777777777
Millennium (Glenmoriston),"57°08′04″ N, 04°49′56″ W'﻿ / ﻿57.13444° N, 4.83222° W'",,,16,40.0,2008,Nordex N90,2.5,57°08′04″N 04°49′56″W﻿ , ﻿57.13444°N 4.83222°W,57°08′04″,04°49′56″W﻿ ,57.13444444444444,-4.832222222222222
Millennium Extension (Glenmoriston),"57°08′04″ N, 04°49′56″ W'﻿ / ﻿57.13444° N, 4.83222° W'",,,4,10.0,2008,Nordex N90,2.5,57°08′04″N 04°49′56″W﻿ , ﻿57.13444°N 4.83222°W,57°08′04″,04°49′56″W﻿ ,57.13444444444444,-4.832222222222222
Novar,"57°42′52″ N, 04°26′03″ W'﻿ / ﻿57.71444° N, 4.43417° W'",,,34,17.0,1997,Bonus B500,0.5,57°42′52″N 04°26′03″W﻿ , ﻿57.71444°N 4.43417°W,57°42′52″,04°26′03″W﻿ ,57.714444444444446,-4.434166666666667
Findhorn Foundation Extension,"57°39′26″ N, 03°34′48″ W'﻿ / ﻿57.65722° N, 3.58000° W'",,,3,0.75,2006,Vestas V29,0.225,57°39′26″N 03°34′48″W﻿ , ﻿57.65722°N 3.58000°W,57°39′26″,03°34′48″W﻿ ,57.657222222222224,-3.58
Paul's Hill,"57°26′46″ N, 03°28′34″ W'﻿ / ﻿57.44611° N, 3.47611° W'",,,28,64.4,2006,Bonus B2300,2.3,57°26′46″N 03°28′34″W﻿ , ﻿57.44611°N 3.47611°W,57°26′46″,03°28′34″W﻿ ,57.44611111111111,-3.476111111111112
Rothes (Cairn Uish),"57°32′14″ N, 03°22′17″ W'﻿ / ﻿57.53722° N, 3.37139° W'",,,22,50.6,2005,Bonus B2300,2.3,57°32′14″N 03°22′17″W﻿ , ﻿57.53722°N 3.37139°W,57°32′14″,03°22′17″W﻿ ,57.53722222222222,-3.3713888888888888
Ardrossan,"55°41′09″ N, 04°48′26″ W'﻿ / ﻿55.68583° N, 4.80722° W'",,,12,24.0,2004,Vestas V80,2.0,55°41′09″N 04°48′26″W﻿ , ﻿55.68583°N 4.80722°W,55°41′09″,04°48′26″W﻿ ,55.68583333333333,-4.807222222222222
Ardrossan Extension,"55°41′09″ N, 04°48′26″ W'﻿ / ﻿55.68583° N, 4.80722° W'",,,3,6.0,2004,Vestas V80,2.0,55°41′09″N 04°48′26″W﻿ , ﻿55.68583°N 4.80722°W,55°41′09″,04°48′26″W﻿ ,55.68583333333333,-4.807222222222222
Hagshaw Hill Extension,"55°33′22″ N, 03°54′03″ W'﻿ / ﻿55.55611° N, 3.90083° W'",,,20,26.0,2008,Siemens SWT-1.3,1.3,55°33′22″N 03°54′03″W﻿ , ﻿55.55611°N 3.90083°W,55°33′22″,03°54′03″W﻿ ,55.55611111111111,-3.900833333333333
Bu Farm,"59°04′59″ N, 02°39′53″ W'﻿ / ﻿59.08306° N, 2.66472° W'",,,3,2.7,2002,GE Wind 900S,0.9,59°04′59″N 02°39′53″W﻿ , ﻿59.08306°N 2.66472°W,59°04′59″,02°39′53″W﻿ ,59.08305555555556,-2.664722222222222
Burgar Hill,"59°07′13″ N, 03°08′45″ W'﻿ / ﻿59.12028° N, 3.14583° W'",,,2,5.0,2007,Nordex N80,2.5,59°07′13″N 03°08′45″W﻿ , ﻿59.12028°N 3.14583°W,59°07′13″,03°08′45″W﻿ ,59.12027777777778,-3.145833333333333
Hammars Hill,"59°05′41″ N, 03°04′31″ W'﻿ / ﻿59.09472° N, 3.07528° W'",,,5,4.5,2010,Enercon E44,0.9,59°05′41″N 03°04′31″W﻿ , ﻿59.09472°N 3.07528°W,59°05′41″,03°04′31″W﻿ ,59.094722222222224,-3.075277777777778
Spurness Wind Farm,"59°11′10″ N, 02°41′22″ W'﻿ / ﻿59.18611° N, 2.68944° W'",,,3,8.25,2005,NEG Micon NM80,2.75,59°11′10″N 02°41′22″W﻿ , ﻿59.18611°N 2.68944°W,59°11′10″,02°41′22″W﻿ ,59.18611111111111,-2.6894444444444447
Drumderg,"56°40′46″ N, 03°21′23″ W'﻿ / ﻿56.67944° N, 3.35639° W'",,,16,36.8,2008,Siemens SWT-2.3,2.3,56°40′46″N 03°21′23″W﻿ , ﻿56.67944°N 3.35639°W,56°40′46″,03°21′23″W﻿ ,56.67944444444444,-3.356388888888889
Green Knowes,"56°14′56″ N, 03°40′01″ W'﻿ / ﻿56.24889° N, 3.66694° W'",,,18,27.0,2008,Acciona AW1500,1.5,56°14′56″N 03°40′01″W﻿ , ﻿56.24889°N 3.66694°W,56°14′56″,03°40′01″W﻿ ,56.24888888888889,-3.666944444444444
Toddleburn,"55°46′20″ N, 02°48′24″ W'﻿ / ﻿55.77222° N, 2.80667° W'",,,12,27.6,2010,Siemens SWT-2.3,2.3,55°46′20″N 02°48′24″W﻿ , ﻿55.77222°N 2.80667°W,55°46′20″,02°48′24″W﻿ ,55.77222222222222,-2.806666666666666
Black Hill,"55°47′54″ N, 02°26′02″ W'﻿ / ﻿55.79833° N, 2.43389° W'",,,22,28.6,2007,Siemens SWT-1.3,1.3,55°47′54″N 02°26′02″W﻿ , ﻿55.79833°N 2.43389°W,55°47′54″,02°26′02″W﻿ ,55.79833333333333,-2.433888888888889
Bowbeat,"55°42′56″ N, 03°08′23″ W'﻿ / ﻿55.71556° N, 3.13972° W'",,,24,31.2,2002,Nordex N60,1.3,55°42′56″N 03°08′23″W﻿ , ﻿55.71556°N 3.13972°W,55°42′56″,03°08′23″W﻿ ,55.71555555555556,-3.1397222222222223
Carcant,"55°45′42″ N, 03°00′49″ W'﻿ / ﻿55.76167° N, 3.01361° W'",,,3,6.0,2010,Siemens,2.0,55°45′42″N 03°00′49″W﻿ , ﻿55.76167°N 3.01361°W,55°45′42″,03°00′49″W﻿ ,55.76166666666666,-3.013611111111111
Crystal Rig,"55°53′42″ N, 02°30′47″ W'﻿ / ﻿55.89500° N, 2.51306° W'",,,20,50.0,2004,Nordex N80,2.5,55°53′42″N 02°30′47″W﻿ , ﻿55.89500°N 2.51306°W,55°53′42″,02°30′47″W﻿ ,55.895,-2.513055555555556
Crystal Rig1a,"55°53′42″ N, 02°30′47″ W'﻿ / ﻿55.89500° N, 2.51306° W'",,,5,12.5,2007,Nordex N80,2.5,55°53′42″N 02°30′47″W﻿ , ﻿55.89500°N 2.51306°W,55°53′42″,02°30′47″W﻿ ,55.895,-2.513055555555556
Crystal Rig2 & 2a,"55°54′20″ N, 02°33′00″ W'﻿ / ﻿55.90556° N, 2.55000° W'",,,60,138.0,2010,Siemens SWT-2.3,2.3,55°54′20″N 02°33′00″W﻿ , ﻿55.90556°N 2.55000°W,55°54′20″,02°33′00″W﻿ ,55.90555555555555,-2.55
Dun Law,"55°48′27″ N, 02°51′37″ W'﻿ / ﻿55.80750° N, 2.86028° W'",,,26,17.6,2000,Vestas V47,0.66,55°48′27″N 02°51′37″W﻿ , ﻿55.80750°N 2.86028°W,55°48′27″,02°51′37″W﻿ ,55.8075,-2.8602777777777777
Dun Law Extension,"55°48′27″ N, 02°51′37″ W'﻿ / ﻿55.80750° N, 2.86028° W'",,,35,29.75,2009,Vestas V52,0.85,55°48′27″N 02°51′37″W﻿ , ﻿55.80750°N 2.86028°W,55°48′27″,02°51′37″W﻿ ,55.8075,-2.8602777777777777
Longpark,"55°40′23″ N, 02°50′11″ W'﻿ / ﻿55.67306° N, 2.83639° W'",,,19,38.0,2009,REpower MM82,2.0,55°40′23″N 02°50′11″W﻿ , ﻿55.67306°N 2.83639°W,55°40′23″,02°50′11″W﻿ ,55.67305555555555,-2.836388888888889
Burradale Phase 1,"60°09′53″ N, 01°14′10″ W'﻿ / ﻿60.16472° N, 1.23611° W'",,,3,1.98,2000,Vestas V47,0.66,60°09′53″N 01°14′10″W﻿ , ﻿60.16472°N 1.23611°W,60°09′53″,01°14′10″W﻿ ,60.164722222222224,-1.2361111111111112
Burradale Phase 2,"60°09′53″ N, 01°14′10″ W'﻿ / ﻿60.16472° N, 1.23611° W'",,,2,1.7,2003,Vestas V52,0.85,60°09′53″N 01°14′10″W﻿ , ﻿60.16472°N 1.23611°W,60°09′53″,01°14′10″W﻿ ,60.164722222222224,-1.2361111111111112
Arecleoch,"55°03′12″ N, 04°52′56″ W'﻿ / ﻿55.05333° N, 4.88222° W'",,,60,120.0,2011,Gamesa G80,2.0,55°03′12″N 04°52′56″W﻿ , ﻿55.05333°N 4.88222°W,55°03′12″,04°52′56″W﻿ ,55.05333333333333,-4.882222222222223
"Hadyard Hill, Barr","55°14′45″ N, 04°43′23″ W'﻿ / ﻿55.24583° N, 4.72306° W'",,,52,120.0,2006,Bonus B2300,2.3,55°14′45″N 04°43′23″W﻿ , ﻿55.24583°N 4.72306°W,55°14′45″,04°43′23″W﻿ ,55.24583333333334,-4.723055555555556
Black Law Phase I,"55°46′01″ N, 03°44′20″ W'﻿ / ﻿55.76694° N, 3.73889° W'",,,44,97.0,2005,Siemens SWT-2.3,2.3,55°46′01″N 03°44′20″W﻿ , ﻿55.76694°N 3.73889°W,55°46′01″,03°44′20″W﻿ ,55.76694444444444,-3.738888888888889
Black Law Phase II,"55°46′01″ N, 03°44′20″ W'﻿ / ﻿55.76694° N, 3.73889° W'",,,12,27.6,2006,Siemens SWT-2.3,2.3,55°46′01″N 03°44′20″W﻿ , ﻿55.76694°N 3.73889°W,55°46′01″,03°44′20″W﻿ ,55.76694444444444,-3.738888888888889
Greendykeside Wind Farm,"55°54′30″ N, 03°54′07″ W'﻿ / ﻿55.90833° N, 3.90194° W'",,,2,4.0,2007,REpower MM82,2.0,55°54′30″N 03°54′07″W﻿ , ﻿55.90833°N 3.90194°W,55°54′30″,03°54′07″W﻿ ,55.90833333333333,-3.901944444444444
Hagshaw Hill,"55°33′02″ N, 03°55′06″ W'﻿ / ﻿55.55056° N, 3.91833° W'",,,26,15.6,1995,Bonus B600,0.6,55°33′02″N 03°55′06″W﻿ , ﻿55.55056°N 3.91833°W,55°33′02″,03°55′06″W﻿ ,55.55055555555556,-3.918333333333333
Lochhead Farm,"55°42′17″ N, 03°56′46″ W'﻿ / ﻿55.70472° N, 3.94611° W'",,,3,6.15,2009,REpower MM82,2.05,55°42′17″N 03°56′46″W﻿ , ﻿55.70472°N 3.94611°W,55°42′17″,03°56′46″W﻿ ,55.70472222222222,-3.946111111111112
Braes of Doune,"56°16′34″ N, 04°03′45″ W'﻿ / ﻿56.27611° N, 4.06250° W'",,,36,72.0,2007,Vestas V80,2.0,56°16′34″N 04°03′45″W﻿ , ﻿56.27611°N 4.06250°W,56°16′34″,04°03′45″W﻿ ,56.27611111111111,-4.0625
Burnfoot Hill,"56°12′41″ N, 03°46′01″ W'﻿ / ﻿56.21139° N, 3.76694° W'",,,13,26.0,2010,REpower MM82,2.0,56°12′41″N 03°46′01″W﻿ , ﻿56.21139°N 3.76694°W,56°12′41″,03°46′01″W﻿ ,56.21138888888889,-3.766944444444445
Craigengelt,"56°03′07″ N, 04°02′23″ W'﻿ / ﻿56.05194° N, 4.03972° W'",,,8,20.0,2010,Nordex N80,2.5,56°03′07″N 04°02′23″W﻿ , ﻿56.05194°N 4.03972°W,56°03′07″,04°02′23″W﻿ ,56.051944444444445,-4.039722222222222
Earlsburn,"56°05′00″ N, 04°05′00″ W'﻿ / ﻿56.08333° N, 4.08333° W'",,,15,37.5,2007,Nordex N80,2.5,56°05′00″N 04°05′00″W﻿ , ﻿56.08333°N 4.08333°W,56°05′00″,04°05′00″W﻿ ,56.083333333333336,-4.083333333333333
Rhodders,"56°09′14″ N, 03°44′24″ W'﻿ / ﻿56.15389° N, 3.74000° W'",,,6,12.3,2016,Senvion MM82,2.05,56°09′14″N 03°44′24″W﻿ , ﻿56.15389°N 3.74000°W,56°09′14″,03°44′24″W﻿ ,56.153888888888886,-3.74
Pates Hill,"55°48′32″ N, 03°35′57″ W'﻿ / ﻿55.80889° N, 3.59917° W'",,,7,14.0,2010,Vestas V80,2.0,55°48′32″N 03°35′57″W﻿ , ﻿55.80889°N 3.59917°W,55°48′32″,03°35′57″W﻿ ,55.80888888888889,-3.599166666666666
Arnish Moor,"58°10′42″ N, 06°25′39″ W'﻿ / ﻿58.17833° N, 6.42750° W'",,,3,3.9,2007,Nordex N60,1.3,58°10′42″N 06°25′39″W﻿ , ﻿58.17833°N 6.42750°W,58°10′42″,06°25′39″W﻿ ,58.17833333333333,-6.4275
Garves Mountain/Dunloy,"55°15′58″ N, 6°26′35.6″ W'﻿ / ﻿55.26611° N, 6.443222° W'",,,5,15.0,2009,Vestas V90,3.0,55°15′58″N 6°26′35.6″W﻿ , ﻿55.26611°N 6.443222°W,55°15′58″,6°26′35.6″W﻿ ,55.26611111111111,-6.443222222222222
Corkey,"55°02′00″ N, 06°15′24″ W'﻿ / ﻿55.03333° N, 6.25667° W'",,,10,5.0,1994,Nordtank NTK500,0.5,55°02′00″N 06°15′24″W﻿ , ﻿55.03333°N 6.25667°W,55°02′00″,06°15′24″W﻿ ,55.03333333333333,-6.256666666666667
Elliot's Hill,"54°51′00″ N, 06°03′36″ W'﻿ / ﻿54.85000° N, 6.06000° W'",,,10,5.0,1995,Vestas V39,0.5,54°51′00″N 06°03′36″W﻿ , ﻿54.85000°N 6.06000°W,54°51′00″,06°03′36″W﻿ ,54.85,-6.06
Gruig,"55°01′32″ N, 06°14′58″ W'﻿ / ﻿55.02556° N, 6.24944° W'",,,10,25.0,2009,Nordex N80,2.5,55°01′32″N 06°14′58″W﻿ , ﻿55.02556°N 6.24944°W,55°01′32″,06°14′58″W﻿ ,55.02555555555556,-6.249444444444444
Wolf Bog,"54°48′11″ N, 06°05′39″ W'﻿ / ﻿54.80306° N, 6.09417° W'",,,5,10.0,2007,Vestas V80,2.0,54°48′11″N 06°05′39″W﻿ , ﻿54.80306°N 6.09417°W,54°48′11″,06°05′39″W﻿ ,54.80305555555555,-6.094166666666666
Callagheen,"54°26′18″ N, 08°00′30″ W'﻿ / ﻿54.43833° N, 8.00833° W'",,,13,16.9,2005,Siemens SWT-1.3,1.3,54°26′18″N 08°00′30″W﻿ , ﻿54.43833°N 8.00833°W,54°26′18″,08°00′30″W﻿ ,54.43833333333333,-8.008333333333333
Slieve Rushen Repowering,"54°09′36″ N, 07°37′12″ W'﻿ / ﻿54.16000° N, 7.62000° W'",,,18,54.0,2008,Vestas V90,3.0,54°09′36″N 07°37′12″W﻿ , ﻿54.16000°N 7.62000°W,54°09′36″,07°37′12″W﻿ ,54.16,-7.62
Tappaghan Mountain,"54°32′53″ N, 07°33′14″ W'﻿ / ﻿54.54806° N, 7.55389° W'",,,13,19.5,2005,GE 1.5s,1.5,54°32′53″N 07°33′14″W﻿ , ﻿54.54806°N 7.55389°W,54°32′53″,07°33′14″W﻿ ,54.54805555555556,-7.553888888888888
Tappaghan Mountain Extension,"54°32′53″ N, 07°33′14″ W'﻿ / ﻿54.54806° N, 7.55389° W'",,,6,9.0,2009,GE 1.5s,1.5,54°32′53″N 07°33′14″W﻿ , ﻿54.54806°N 7.55389°W,54°32′53″,07°33′14″W﻿ ,54.54805555555556,-7.553888888888888
Altahullion Phase I,"54°57′36″ N, 07°01′54″ W'﻿ / ﻿54.96000° N, 7.03167° W'",,,20,26.0,2003,Bonus B1300,1.3,54°57′36″N 07°01′54″W﻿ , ﻿54.96000°N 7.03167°W,54°57′36″,07°01′54″W﻿ ,54.96,-7.031666666666666
Altahullion Phase II,"54°57′38″ N, 07°01′58″ W'﻿ / ﻿54.96056° N, 7.03278° W'",,,9,11.7,2007,Siemens SWT-1.3,1.3,54°57′38″N 07°01′58″W﻿ , ﻿54.96056°N 7.03278°W,54°57′38″,07°01′58″W﻿ ,54.96055555555556,-7.032777777777778
Rigged Hill,"55°01′18″ N, 06°49′13″ W'﻿ / ﻿55.02167° N, 6.82028° W'",,,10,5.0,1995,Nordtank NTK500,0.5,55°01′18″N 06°49′13″W﻿ , ﻿55.02167°N 6.82028°W,55°01′18″,06°49′13″W﻿ ,55.02166666666667,-6.820277777777777
Bessy Bell,"54°40′48″ N, 07°24′12″ W'﻿ / ﻿54.68000° N, 7.40333° W'",,,10,5.0,1995,Vestas V39,0.5,54°40′48″N 07°24′12″W﻿ , ﻿54.68000°N 7.40333°W,54°40′48″,07°24′12″W﻿ ,54.68,-7.403333333333333
Bessy Bell Extension,"54°43′21″ N, 07°22′29″ W'﻿ / ﻿54.72250° N, 7.37472° W'",,,6,9.0,2008,GE 1.5s,1.5,54°43′21″N 07°22′29″W﻿ , ﻿54.72250°N 7.37472°W,54°43′21″,07°22′29″W﻿ ,54.7225,-7.374722222222222
Bin Mountain,"54°42′18″ N, 07°35′28″ W'﻿ / ﻿54.70500° N, 7.59111° W'",,,6,9.0,2007,GE 1.5s,1.5,54°42′18″N 07°35′28″W﻿ , ﻿54.70500°N 7.59111°W,54°42′18″,07°35′28″W﻿ ,54.705000000000005,-7.591111111111111
Hunter's Hill,"54°27′01″ N, 07°18′25″ W'﻿ / ﻿54.45028° N, 7.30694° W'",,,8,20.0,2010,Nordex N80,2.5,54°27′01″N 07°18′25″W﻿ , ﻿54.45028°N 7.30694°W,54°27′01″,07°18′25″W﻿ ,54.45027777777778,-7.3069444444444445
Lendrum's Bridge Phase I,"54°26′12″ N, 07°20′42″ W'﻿ / ﻿54.43667° N, 7.34500° W'",,,9,5.94,2000,Vestas V47,0.66,54°26′12″N 07°20′42″W﻿ , ﻿54.43667°N 7.34500°W,54°26′12″,07°20′42″W﻿ ,54.43666666666666,-7.345
Lendrum's Bridge Phase II,"54°26′12″ N, 07°20′42″ W'﻿ / ﻿54.43667° N, 7.34500° W'",,,11,7.3,2002,Vestas V47,0.66,54°26′12″N 07°20′42″W﻿ , ﻿54.43667°N 7.34500°W,54°26′12″,07°20′42″W﻿ ,54.43666666666666,-7.345
Lough Hill Resubmission,"54°37′37″ N, 07°36′21″ W'﻿ / ﻿54.62694° N, 7.60583° W'",,,6,7.8,2007,Siemens SWT-1.3,1.3,54°37′37″N 07°36′21″W﻿ , ﻿54.62694°N 7.60583°W,54°37′37″,07°36′21″W﻿ ,54.62694444444445,-7.605833333333333
Owenreagh,"54°48′30″ N, 07°19′54″ W'﻿ / ﻿54.80833° N, 7.33167° W'",,,10,5.0,1997,Zond Z40,0.5,54°48′30″N 07°19′54″W﻿ , ﻿54.80833°N 7.33167°W,54°48′30″,07°19′54″W﻿ ,54.80833333333333,-7.331666666666666
Owenreagh Extension,"54°48′30″ N, 07°19′54″ W'﻿ / ﻿54.80833° N, 7.33167° W'",,,6,5.1,2008,Vestas V52,0.85,54°48′30″N 07°19′54″W﻿ , ﻿54.80833°N 7.33167°W,54°48′30″,07°19′54″W﻿ ,54.80833333333333,-7.331666666666666
Slieve Divena 1,"54°30′27″ N, 07°06′19″ W'﻿ / ﻿54.50750° N, 7.10528° W'",,,12,30.0,2009,Nordex N80,2.5,54°30′27″N 07°06′19″W﻿ , ﻿54.50750°N 7.10528°W,54°30′27″,07°06′19″W﻿ ,54.5075,-7.105277777777777
